File,WaveData20230804_122.csv,
Date/Time,23-08-04/07:57,

Center Wavelength,1450,nm
Span Wavelength,500,nm
Start Wavelength,1200,nm
Stop Wavelength,1700,nm
Value In Air/Vacuum,Vacuum,
Optical Attenuater,Off,
Resolution,1.0,nm
Actual Resolution,1.024,nm
VBW,1000,Hz
Point Average,Off,
Sweep Average,1,
Smooth,Off,
Sampling Points,2001,pt
Trace Type,Write,
Trace Storage Mode,Off,
Trace Calculate Trace 1,-,
Trace Calculate Trace 2,-,
Dynamic Range,Normal,
Ext-Trigger,Off,
Interval Time,Off,
MM Mode,Off,
Pulse Mode,Off,

Trace,A
Start,1200,nm
Stop,1700,nm
1200.000000,3.3010E-008
1200.250000,5.0990E-008
1200.500000,4.1910E-008
1200.750000,4.0000E-008
1201.000000,2.9890E-008
1201.250000,6.1350E-008
1201.500000,4.5970E-008
1201.750000,2.4000E-008
1202.000000,2.9750E-008
1202.250000,3.0910E-008
1202.500000,7.0420E-008
1202.750000,4.0190E-008
1203.000000,3.4460E-008
1203.250000,5.7560E-008
1203.500000,6.3430E-008
1203.750000,4.6120E-008
1204.000000,3.6020E-008
1204.250000,2.4300E-008
1204.500000,2.8620E-008
1204.750000,4.1960E-008
1205.000000,5.2370E-008
1205.250000,3.7000E-008
1205.500000,2.7020E-008
1205.750000,4.2000E-008
1206.000000,2.7770E-008
1206.250000,2.7150E-008
1206.500000,5.3650E-008
1206.750000,6.4420E-008
1207.000000,6.1410E-008
1207.250000,2.5930E-008
1207.500000,5.2680E-008
1207.750000,3.7710E-008
1208.000000,2.5640E-008
1208.250000,4.8460E-008
1208.500000,4.4440E-008
1208.750000,5.0090E-008
1209.000000,1.7580E-008
1209.250000,2.8310E-008
1209.500000,6.3710E-008
1209.750000,5.7440E-008
1210.000000,7.4940E-008
1210.250000,5.0380E-008
1210.500000,6.2710E-008
1210.750000,6.5490E-008
1211.000000,4.9310E-008
1211.250000,3.5490E-008
1211.500000,3.8810E-008
1211.750000,7.3360E-008
1212.000000,5.2970E-008
1212.250000,6.1780E-008
1212.500000,4.0770E-008
1212.750000,3.9840E-008
1213.000000,5.5050E-008
1213.250000,7.6320E-008
1213.500000,5.9270E-008
1213.750000,6.6930E-008
1214.000000,6.2890E-008
1214.250000,4.4740E-008
1214.500000,7.7050E-008
1214.750000,3.1620E-008
1215.000000,6.6240E-008
1215.250000,6.1580E-008
1215.500000,4.8380E-008
1215.750000,8.0080E-008
1216.000000,7.8470E-008
1216.250000,1.0910E-007
1216.500000,7.3830E-008
1216.750000,1.1880E-007
1217.000000,8.2810E-008
1217.250000,1.1330E-007
1217.500000,8.6710E-008
1217.750000,1.1370E-007
1218.000000,1.3530E-007
1218.250000,1.0990E-007
1218.500000,1.5060E-007
1218.750000,1.3780E-007
1219.000000,1.2410E-007
1219.250000,1.3630E-007
1219.500000,1.7580E-007
1219.750000,1.3970E-007
1220.000000,1.8030E-007
1220.250000,1.7890E-007
1220.500000,2.3830E-007
1220.750000,2.4670E-007
1221.000000,2.0040E-007
1221.250000,2.0830E-007
1221.500000,2.3500E-007
1221.750000,2.4120E-007
1222.000000,2.5080E-007
1222.250000,2.8270E-007
1222.500000,3.3670E-007
1222.750000,3.7320E-007
1223.000000,3.3810E-007
1223.250000,3.2120E-007
1223.500000,3.5500E-007
1223.750000,3.4640E-007
1224.000000,3.5830E-007
1224.250000,3.9540E-007
1224.500000,4.9640E-007
1224.750000,5.2800E-007
1225.000000,5.8060E-007
1225.250000,6.0490E-007
1225.500000,5.7630E-007
1225.750000,6.0360E-007
1226.000000,5.6740E-007
1226.250000,6.5210E-007
1226.500000,6.6620E-007
1226.750000,7.9530E-007
1227.000000,9.4130E-007
1227.250000,1.0290E-006
1227.500000,9.7860E-007
1227.750000,9.3730E-007
1228.000000,9.5450E-007
1228.250000,9.8430E-007
1228.500000,9.7650E-007
1228.750000,1.0010E-006
1229.000000,1.2310E-006
1229.250000,1.3980E-006
1229.500000,1.4340E-006
1229.750000,1.5140E-006
1230.000000,1.5520E-006
1230.250000,1.4130E-006
1230.500000,1.3530E-006
1230.750000,1.4020E-006
1231.000000,1.4580E-006
1231.250000,1.6000E-006
1231.500000,1.9640E-006
1231.750000,2.1690E-006
1232.000000,2.2470E-006
1232.250000,2.2080E-006
1232.500000,2.1250E-006
1232.750000,2.1100E-006
1233.000000,2.3680E-006
1233.250000,2.5990E-006
1233.500000,2.9340E-006
1233.750000,3.3560E-006
1234.000000,3.4500E-006
1234.250000,3.4010E-006
1234.500000,3.3710E-006
1234.750000,3.3880E-006
1235.000000,3.4380E-006
1235.250000,3.6240E-006
1235.500000,4.0880E-006
1235.750000,4.5890E-006
1236.000000,4.7040E-006
1236.250000,4.7750E-006
1236.500000,4.6800E-006
1236.750000,4.3810E-006
1237.000000,4.3550E-006
1237.250000,4.8270E-006
1237.500000,5.6530E-006
1237.750000,6.3620E-006
1238.000000,6.6090E-006
1238.250000,6.3960E-006
1238.500000,5.9760E-006
1238.750000,5.9120E-006
1239.000000,6.1820E-006
1239.250000,6.6580E-006
1239.500000,7.1000E-006
1239.750000,6.9200E-006
1240.000000,6.8560E-006
1240.250000,7.2980E-006
1240.500000,8.2630E-006
1240.750000,9.0410E-006
1241.000000,9.4540E-006
1241.250000,9.2840E-006
1241.500000,8.9130E-006
1241.750000,8.5350E-006
1242.000000,8.7510E-006
1242.250000,9.5270E-006
1242.500000,1.0060E-005
1242.750000,1.0180E-005
1243.000000,9.9880E-006
1243.250000,9.5790E-006
1243.500000,9.0900E-006
1243.750000,8.8820E-006
1244.000000,9.4220E-006
1244.250000,1.0640E-005
1244.500000,1.2190E-005
1244.750000,1.3930E-005
1245.000000,1.5230E-005
1245.250000,1.5230E-005
1245.500000,1.4140E-005
1245.750000,1.3010E-005
1246.000000,1.2820E-005
1246.250000,1.4880E-005
1246.500000,1.8020E-005
1246.750000,1.9790E-005
1247.000000,1.9630E-005
1247.250000,1.7740E-005
1247.500000,1.6090E-005
1247.750000,1.7090E-005
1248.000000,1.9930E-005
1248.250000,2.2680E-005
1248.500000,2.3380E-005
1248.750000,2.2310E-005
1249.000000,2.1770E-005
1249.250000,2.2610E-005
1249.500000,2.4350E-005
1249.750000,2.5910E-005
1250.000000,2.6720E-005
1250.250000,2.7230E-005
1250.500000,2.7420E-005
1250.750000,2.7330E-005
1251.000000,2.6850E-005
1251.250000,2.6750E-005
1251.500000,2.7250E-005
1251.750000,2.7880E-005
1252.000000,2.8260E-005
1252.250000,2.8100E-005
1252.500000,2.6980E-005
1252.750000,2.5800E-005
1253.000000,2.5490E-005
1253.250000,2.6730E-005
1253.500000,2.8430E-005
1253.750000,2.9150E-005
1254.000000,2.8610E-005
1254.250000,2.8230E-005
1254.500000,2.8430E-005
1254.750000,2.9560E-005
1255.000000,3.0970E-005
1255.250000,3.2300E-005
1255.500000,3.4610E-005
1255.750000,3.6660E-005
1256.000000,3.7970E-005
1256.250000,4.0310E-005
1256.500000,4.3080E-005
1256.750000,4.4800E-005
1257.000000,4.5230E-005
1257.250000,4.6480E-005
1257.500000,5.0230E-005
1257.750000,5.3440E-005
1258.000000,5.4060E-005
1258.250000,5.3600E-005
1258.500000,5.2550E-005
1258.750000,5.2680E-005
1259.000000,5.5150E-005
1259.250000,5.9360E-005
1259.500000,6.3750E-005
1259.750000,6.4940E-005
1260.000000,6.2220E-005
1260.250000,6.0080E-005
1260.500000,5.8630E-005
1260.750000,5.9330E-005
1261.000000,6.2470E-005
1261.250000,6.3910E-005
1261.500000,6.2610E-005
1261.750000,5.9120E-005
1262.000000,5.4110E-005
1262.250000,5.2910E-005
1262.500000,5.6130E-005
1262.750000,6.0720E-005
1263.000000,6.5870E-005
1263.250000,6.6760E-005
1263.500000,6.4920E-005
1263.750000,6.4610E-005
1264.000000,6.5580E-005
1264.250000,7.0680E-005
1264.500000,7.9480E-005
1264.750000,8.3570E-005
1265.000000,8.2660E-005
1265.250000,7.9770E-005
1265.500000,8.0050E-005
1265.750000,9.0660E-005
1266.000000,1.0480E-004
1266.250000,1.1700E-004
1266.500000,1.2250E-004
1266.750000,1.1410E-004
1267.000000,1.0130E-004
1267.250000,9.9620E-005
1267.500000,1.0960E-004
1267.750000,1.2740E-004
1268.000000,1.3970E-004
1268.250000,1.3880E-004
1268.500000,1.2830E-004
1268.750000,1.1390E-004
1269.000000,1.0610E-004
1269.250000,1.1450E-004
1269.500000,1.2910E-004
1269.750000,1.4080E-004
1270.000000,1.4470E-004
1270.250000,1.4040E-004
1270.500000,1.3520E-004
1270.750000,1.3190E-004
1271.000000,1.3300E-004
1271.250000,1.4070E-004
1271.500000,1.4750E-004
1271.750000,1.4860E-004
1272.000000,1.4840E-004
1272.250000,1.4730E-004
1272.500000,1.4760E-004
1272.750000,1.5110E-004
1273.000000,1.5570E-004
1273.250000,1.5940E-004
1273.500000,1.6210E-004
1273.750000,1.6400E-004
1274.000000,1.6500E-004
1274.250000,1.6570E-004
1274.500000,1.6920E-004
1274.750000,1.7580E-004
1275.000000,1.8300E-004
1275.250000,1.8720E-004
1275.500000,1.8940E-004
1275.750000,1.8720E-004
1276.000000,1.8160E-004
1276.250000,1.7600E-004
1276.500000,1.7530E-004
1276.750000,1.8010E-004
1277.000000,1.8400E-004
1277.250000,1.8170E-004
1277.500000,1.7490E-004
1277.750000,1.6760E-004
1278.000000,1.6170E-004
1278.250000,1.6030E-004
1278.500000,1.6390E-004
1278.750000,1.7200E-004
1279.000000,1.7710E-004
1279.250000,1.7470E-004
1279.500000,1.7100E-004
1279.750000,1.7330E-004
1280.000000,1.8010E-004
1280.250000,1.8830E-004
1280.500000,1.9580E-004
1280.750000,2.0070E-004
1281.000000,1.9740E-004
1281.250000,1.8970E-004
1281.500000,1.8770E-004
1281.750000,1.9210E-004
1282.000000,1.9960E-004
1282.250000,2.0770E-004
1282.500000,2.1250E-004
1282.750000,2.1550E-004
1283.000000,2.1770E-004
1283.250000,2.2640E-004
1283.500000,2.3970E-004
1283.750000,2.5130E-004
1284.000000,2.5950E-004
1284.250000,2.6520E-004
1284.500000,2.6480E-004
1284.750000,2.6030E-004
1285.000000,2.6050E-004
1285.250000,2.6720E-004
1285.500000,2.7270E-004
1285.750000,2.7010E-004
1286.000000,2.6570E-004
1286.250000,2.6250E-004
1286.500000,2.5660E-004
1286.750000,2.5010E-004
1287.000000,2.4770E-004
1287.250000,2.4750E-004
1287.500000,2.4090E-004
1287.750000,2.2950E-004
1288.000000,2.2520E-004
1288.250000,2.3010E-004
1288.500000,2.3890E-004
1288.750000,2.4740E-004
1289.000000,2.5690E-004
1289.250000,2.6540E-004
1289.500000,2.6800E-004
1289.750000,2.6890E-004
1290.000000,2.7790E-004
1290.250000,2.8950E-004
1290.500000,2.9890E-004
1290.750000,3.0820E-004
1291.000000,3.1380E-004
1291.250000,3.1780E-004
1291.500000,3.2110E-004
1291.750000,3.2270E-004
1292.000000,3.1980E-004
1292.250000,3.2000E-004
1292.500000,3.2740E-004
1292.750000,3.3450E-004
1293.000000,3.4150E-004
1293.250000,3.5130E-004
1293.500000,3.5390E-004
1293.750000,3.4170E-004
1294.000000,3.2720E-004
1294.250000,3.2570E-004
1294.500000,3.3150E-004
1294.750000,3.3410E-004
1295.000000,3.3520E-004
1295.250000,3.3400E-004
1295.500000,3.1570E-004
1295.750000,2.9400E-004
1296.000000,2.9440E-004
1296.250000,3.1370E-004
1296.500000,3.2880E-004
1296.750000,3.3760E-004
1297.000000,3.4360E-004
1297.250000,3.3350E-004
1297.500000,3.1300E-004
1297.750000,3.1200E-004
1298.000000,3.3250E-004
1298.250000,3.4740E-004
1298.500000,3.4860E-004
1298.750000,3.4530E-004
1299.000000,3.3640E-004
1299.250000,3.2400E-004
1299.500000,3.3480E-004
1299.750000,3.6960E-004
1300.000000,4.0190E-004
1300.250000,4.1860E-004
1300.500000,4.1870E-004
1300.750000,4.0520E-004
1301.000000,3.8720E-004
1301.250000,3.9060E-004
1301.500000,4.1330E-004
1301.750000,4.2950E-004
1302.000000,4.3590E-004
1302.250000,4.2910E-004
1302.500000,4.0340E-004
1302.750000,3.7280E-004
1303.000000,3.5970E-004
1303.250000,3.6240E-004
1303.500000,3.6310E-004
1303.750000,3.6290E-004
1304.000000,3.6370E-004
1304.250000,3.5260E-004
1304.500000,3.3450E-004
1304.750000,3.2380E-004
1305.000000,3.1750E-004
1305.250000,3.0330E-004
1305.500000,2.9550E-004
1305.750000,3.0360E-004
1306.000000,3.0840E-004
1306.250000,3.1160E-004
1306.500000,3.2360E-004
1306.750000,3.3340E-004
1307.000000,3.3420E-004
1307.250000,3.3970E-004
1307.500000,3.5830E-004
1307.750000,3.7350E-004
1308.000000,3.8310E-004
1308.250000,3.9490E-004
1308.500000,4.0170E-004
1308.750000,4.0220E-004
1309.000000,4.0470E-004
1309.250000,4.1120E-004
1309.500000,4.1550E-004
1309.750000,4.2010E-004
1310.000000,4.2490E-004
1310.250000,4.2720E-004
1310.500000,4.3090E-004
1310.750000,4.3630E-004
1311.000000,4.3700E-004
1311.250000,4.3330E-004
1311.500000,4.3110E-004
1311.750000,4.2670E-004
1312.000000,4.2160E-004
1312.250000,4.1990E-004
1312.500000,4.1370E-004
1312.750000,3.9890E-004
1313.000000,3.8530E-004
1313.250000,3.8050E-004
1313.500000,3.7870E-004
1313.750000,3.8050E-004
1314.000000,3.8870E-004
1314.250000,3.8860E-004
1314.500000,3.7630E-004
1314.750000,3.7070E-004
1315.000000,3.7400E-004
1315.250000,3.7830E-004
1315.500000,3.8490E-004
1315.750000,3.9110E-004
1316.000000,3.8680E-004
1316.250000,3.7760E-004
1316.500000,3.7640E-004
1316.750000,3.8180E-004
1317.000000,3.8830E-004
1317.250000,3.9630E-004
1317.500000,4.0270E-004
1317.750000,4.0400E-004
1318.000000,4.0770E-004
1318.250000,4.1330E-004
1318.500000,4.1820E-004
1318.750000,4.2550E-004
1319.000000,4.3160E-004
1319.250000,4.3300E-004
1319.500000,4.3530E-004
1319.750000,4.3450E-004
1320.000000,4.2580E-004
1320.250000,4.1630E-004
1320.500000,4.1240E-004
1320.750000,4.0850E-004
1321.000000,4.1050E-004
1321.250000,4.1670E-004
1321.500000,4.1240E-004
1321.750000,3.9500E-004
1322.000000,3.7860E-004
1322.250000,3.6770E-004
1322.500000,3.6310E-004
1322.750000,3.6960E-004
1323.000000,3.7590E-004
1323.250000,3.6520E-004
1323.500000,3.4570E-004
1323.750000,3.3350E-004
1324.000000,3.2410E-004
1324.250000,3.2330E-004
1324.500000,3.3240E-004
1324.750000,3.3270E-004
1325.000000,3.2050E-004
1325.250000,3.1180E-004
1325.500000,3.0970E-004
1325.750000,3.1150E-004
1326.000000,3.2260E-004
1326.250000,3.3120E-004
1326.500000,3.2770E-004
1326.750000,3.2250E-004
1327.000000,3.2360E-004
1327.250000,3.2870E-004
1327.500000,3.3870E-004
1327.750000,3.5110E-004
1328.000000,3.5780E-004
1328.250000,3.5950E-004
1328.500000,3.6410E-004
1328.750000,3.7070E-004
1329.000000,3.7890E-004
1329.250000,3.8640E-004
1329.500000,3.8930E-004
1329.750000,3.8940E-004
1330.000000,3.8880E-004
1330.250000,3.8920E-004
1330.500000,3.9160E-004
1330.750000,3.9140E-004
1331.000000,3.8800E-004
1331.250000,3.8550E-004
1331.500000,3.8380E-004
1331.750000,3.8050E-004
1332.000000,3.7780E-004
1332.250000,3.7440E-004
1332.500000,3.6810E-004
1332.750000,3.6400E-004
1333.000000,3.6070E-004
1333.250000,3.5540E-004
1333.500000,3.4870E-004
1333.750000,3.4150E-004
1334.000000,3.3240E-004
1334.250000,3.2670E-004
1334.500000,3.2560E-004
1334.750000,3.2540E-004
1335.000000,3.2330E-004
1335.250000,3.2020E-004
1335.500000,3.1510E-004
1335.750000,3.1510E-004
1336.000000,3.1980E-004
1336.250000,3.2290E-004
1336.500000,3.2500E-004
1336.750000,3.2480E-004
1337.000000,3.2140E-004
1337.250000,3.2040E-004
1337.500000,3.2020E-004
1337.750000,3.1800E-004
1338.000000,3.1410E-004
1338.250000,3.0830E-004
1338.500000,3.0230E-004
1338.750000,2.9780E-004
1339.000000,2.9480E-004
1339.250000,2.9130E-004
1339.500000,2.8650E-004
1339.750000,2.8010E-004
1340.000000,2.7470E-004
1340.250000,2.7240E-004
1340.500000,2.7190E-004
1340.750000,2.6940E-004
1341.000000,2.6260E-004
1341.250000,2.5460E-004
1341.500000,2.4800E-004
1341.750000,2.4640E-004
1342.000000,2.4630E-004
1342.250000,2.4470E-004
1342.500000,2.4190E-004
1342.750000,2.3760E-004
1343.000000,2.3730E-004
1343.250000,2.4120E-004
1343.500000,2.4680E-004
1343.750000,2.5010E-004
1344.000000,2.5230E-004
1344.250000,2.5320E-004
1344.500000,2.5670E-004
1344.750000,2.6700E-004
1345.000000,2.7780E-004
1345.250000,2.8550E-004
1345.500000,2.8970E-004
1345.750000,2.9140E-004
1346.000000,2.9560E-004
1346.250000,3.0380E-004
1346.500000,3.1410E-004
1346.750000,3.2370E-004
1347.000000,3.3190E-004
1347.250000,3.3800E-004
1347.500000,3.4380E-004
1347.750000,3.5300E-004
1348.000000,3.5910E-004
1348.250000,3.6860E-004
1348.500000,3.8050E-004
1348.750000,3.9120E-004
1349.000000,4.0190E-004
1349.250000,4.1250E-004
1349.500000,4.1710E-004
1349.750000,4.1870E-004
1350.000000,4.1200E-004
1350.250000,4.1180E-004
1350.500000,4.1770E-004
1350.750000,4.2530E-004
1351.000000,4.3510E-004
1351.250000,4.3770E-004
1351.500000,4.3500E-004
1351.750000,4.3910E-004
1352.000000,4.3720E-004
1352.250000,4.4050E-004
1352.500000,4.4850E-004
1352.750000,4.3530E-004
1353.000000,4.3820E-004
1353.250000,4.5300E-004
1353.500000,4.5760E-004
1353.750000,4.6760E-004
1354.000000,4.6250E-004
1354.250000,4.4410E-004
1354.500000,4.3530E-004
1354.750000,4.3080E-004
1355.000000,4.4370E-004
1355.250000,4.4770E-004
1355.500000,4.3610E-004
1355.750000,4.5770E-004
1356.000000,4.6800E-004
1356.250000,4.7810E-004
1356.500000,5.2470E-004
1356.750000,5.0220E-004
1357.000000,5.0760E-004
1357.250000,5.0470E-004
1357.500000,5.0270E-004
1357.750000,5.4090E-004
1358.000000,5.3180E-004
1358.250000,5.3680E-004
1358.500000,5.4830E-004
1358.750000,5.5220E-004
1359.000000,5.5360E-004
1359.250000,5.3220E-004
1359.500000,5.3750E-004
1359.750000,5.3180E-004
1360.000000,5.3350E-004
1360.250000,5.7730E-004
1360.500000,5.6000E-004
1360.750000,5.3690E-004
1361.000000,5.3660E-004
1361.250000,4.9120E-004
1361.500000,5.0700E-004
1361.750000,5.0630E-004
1362.000000,4.3940E-004
1362.250000,4.4660E-004
1362.500000,4.6420E-004
1362.750000,4.9120E-004
1363.000000,5.4780E-004
1363.250000,5.7420E-004
1363.500000,5.8770E-004
1363.750000,5.7330E-004
1364.000000,5.6840E-004
1364.250000,5.1330E-004
1364.500000,5.0110E-004
1364.750000,5.0950E-004
1365.000000,5.0060E-004
1365.250000,5.2050E-004
1365.500000,5.6690E-004
1365.750000,5.7740E-004
1366.000000,6.0330E-004
1366.250000,6.3940E-004
1366.500000,6.2040E-004
1366.750000,6.2070E-004
1367.000000,6.3020E-004
1367.250000,6.0950E-004
1367.500000,5.9800E-004
1367.750000,6.0850E-004
1368.000000,6.0950E-004
1368.250000,5.8700E-004
1368.500000,6.3100E-004
1368.750000,6.4730E-004
1369.000000,6.5780E-004
1369.250000,7.2540E-004
1369.500000,7.0360E-004
1369.750000,6.9560E-004
1370.000000,7.0090E-004
1370.250000,6.9750E-004
1370.500000,6.5470E-004
1370.750000,6.6940E-004
1371.000000,6.6000E-004
1371.250000,6.5260E-004
1371.500000,6.6720E-004
1371.750000,6.8790E-004
1372.000000,6.8420E-004
1372.250000,6.8810E-004
1372.500000,6.9290E-004
1372.750000,7.1500E-004
1373.000000,7.2340E-004
1373.250000,7.2260E-004
1373.500000,7.2170E-004
1373.750000,7.2270E-004
1374.000000,7.1650E-004
1374.250000,7.1780E-004
1374.500000,6.9490E-004
1374.750000,6.9010E-004
1375.000000,6.9390E-004
1375.250000,6.9560E-004
1375.500000,6.8930E-004
1375.750000,7.0000E-004
1376.000000,7.0060E-004
1376.250000,7.0290E-004
1376.500000,6.9430E-004
1376.750000,6.9330E-004
1377.000000,7.0350E-004
1377.250000,7.1630E-004
1377.500000,7.3400E-004
1377.750000,7.7230E-004
1378.000000,7.8460E-004
1378.250000,7.5790E-004
1378.500000,7.2840E-004
1378.750000,7.2900E-004
1379.000000,7.2970E-004
1379.250000,7.6090E-004
1379.500000,8.0500E-004
1379.750000,7.9840E-004
1380.000000,7.8910E-004
1380.250000,6.9500E-004
1380.500000,6.5140E-004
1380.750000,6.3090E-004
1381.000000,6.3870E-004
1381.250000,7.1030E-004
1381.500000,7.7360E-004
1381.750000,8.0590E-004
1382.000000,7.8090E-004
1382.250000,6.9170E-004
1382.500000,6.3330E-004
1382.750000,6.1870E-004
1383.000000,6.2440E-004
1383.250000,6.9100E-004
1383.500000,7.2670E-004
1383.750000,7.5610E-004
1384.000000,7.4940E-004
1384.250000,7.6100E-004
1384.500000,7.7620E-004
1384.750000,7.3640E-004
1385.000000,7.2090E-004
1385.250000,7.1900E-004
1385.500000,7.1380E-004
1385.750000,7.5760E-004
1386.000000,7.5050E-004
1386.250000,7.4820E-004
1386.500000,7.7000E-004
1386.750000,7.7590E-004
1387.000000,7.9640E-004
1387.250000,7.9810E-004
1387.500000,7.4400E-004
1387.750000,7.1240E-004
1388.000000,6.7010E-004
1388.250000,6.6470E-004
1388.500000,7.0180E-004
1388.750000,7.2680E-004
1389.000000,7.6340E-004
1389.250000,7.7240E-004
1389.500000,7.5000E-004
1389.750000,7.5370E-004
1390.000000,7.5050E-004
1390.250000,7.4980E-004
1390.500000,7.6350E-004
1390.750000,7.7240E-004
1391.000000,7.7400E-004
1391.250000,7.6940E-004
1391.500000,7.7480E-004
1391.750000,7.5270E-004
1392.000000,7.1610E-004
1392.250000,6.6140E-004
1392.500000,6.5550E-004
1392.750000,6.6840E-004
1393.000000,6.9480E-004
1393.250000,7.5460E-004
1393.500000,7.4930E-004
1393.750000,7.4190E-004
1394.000000,7.3720E-004
1394.250000,7.2130E-004
1394.500000,6.9290E-004
1394.750000,6.6110E-004
1395.000000,6.3980E-004
1395.250000,6.1920E-004
1395.500000,6.1860E-004
1395.750000,6.6120E-004
1396.000000,6.1090E-004
1396.250000,6.1240E-004
1396.500000,6.2060E-004
1396.750000,6.1760E-004
1397.000000,6.5800E-004
1397.250000,6.9400E-004
1397.500000,6.9410E-004
1397.750000,6.8910E-004
1398.000000,6.9140E-004
1398.250000,6.8280E-004
1398.500000,6.7480E-004
1398.750000,6.6790E-004
1399.000000,6.5850E-004
1399.250000,6.2390E-004
1399.500000,6.1650E-004
1399.750000,5.9310E-004
1400.000000,5.7980E-004
1400.250000,5.7080E-004
1400.500000,5.4850E-004
1400.750000,5.6380E-004
1401.000000,5.5510E-004
1401.250000,5.6090E-004
1401.500000,5.9730E-004
1401.750000,5.9900E-004
1402.000000,6.0970E-004
1402.250000,6.2200E-004
1402.500000,6.1970E-004
1402.750000,6.0980E-004
1403.000000,6.0360E-004
1403.250000,5.9550E-004
1403.500000,5.8740E-004
1403.750000,5.7720E-004
1404.000000,5.6110E-004
1404.250000,5.5190E-004
1404.500000,5.0800E-004
1404.750000,4.8000E-004
1405.000000,4.7960E-004
1405.250000,4.8330E-004
1405.500000,5.0260E-004
1405.750000,5.4400E-004
1406.000000,5.4490E-004
1406.250000,5.3390E-004
1406.500000,5.2070E-004
1406.750000,5.0450E-004
1407.000000,4.7820E-004
1407.250000,4.6210E-004
1407.500000,4.6620E-004
1407.750000,4.7010E-004
1408.000000,4.8280E-004
1408.250000,4.8810E-004
1408.500000,4.7350E-004
1408.750000,4.5810E-004
1409.000000,4.3320E-004
1409.250000,4.0950E-004
1409.500000,4.0020E-004
1409.750000,3.9910E-004
1410.000000,4.1010E-004
1410.250000,4.2890E-004
1410.500000,4.3000E-004
1410.750000,4.2640E-004
1411.000000,4.1920E-004
1411.250000,4.1490E-004
1411.500000,4.0890E-004
1411.750000,4.0410E-004
1412.000000,3.9320E-004
1412.250000,3.8700E-004
1412.500000,3.8010E-004
1412.750000,3.7630E-004
1413.000000,3.7830E-004
1413.250000,3.6900E-004
1413.500000,3.6110E-004
1413.750000,3.3970E-004
1414.000000,3.2760E-004
1414.250000,3.1970E-004
1414.500000,3.1130E-004
1414.750000,3.1850E-004
1415.000000,3.2080E-004
1415.250000,3.2270E-004
1415.500000,3.2550E-004
1415.750000,3.2230E-004
1416.000000,3.2130E-004
1416.250000,3.1820E-004
1416.500000,3.1440E-004
1416.750000,3.1130E-004
1417.000000,3.0720E-004
1417.250000,2.9710E-004
1417.500000,2.9210E-004
1417.750000,2.8780E-004
1418.000000,2.8460E-004
1418.250000,2.8530E-004
1418.500000,2.7450E-004
1418.750000,2.6720E-004
1419.000000,2.5920E-004
1419.250000,2.5230E-004
1419.500000,2.5220E-004
1419.750000,2.5080E-004
1420.000000,2.5080E-004
1420.250000,2.4880E-004
1420.500000,2.4560E-004
1420.750000,2.4380E-004
1421.000000,2.4020E-004
1421.250000,2.3550E-004
1421.500000,2.3340E-004
1421.750000,2.3070E-004
1422.000000,2.2760E-004
1422.250000,2.2450E-004
1422.500000,2.1990E-004
1422.750000,2.1480E-004
1423.000000,2.0920E-004
1423.250000,2.0560E-004
1423.500000,1.9840E-004
1423.750000,1.9380E-004
1424.000000,1.9140E-004
1424.250000,1.8850E-004
1424.500000,1.8820E-004
1424.750000,1.8720E-004
1425.000000,1.8210E-004
1425.250000,1.7720E-004
1425.500000,1.7360E-004
1425.750000,1.7030E-004
1426.000000,1.6850E-004
1426.250000,1.6620E-004
1426.500000,1.6380E-004
1426.750000,1.6130E-004
1427.000000,1.5770E-004
1427.250000,1.5550E-004
1427.500000,1.5330E-004
1427.750000,1.5090E-004
1428.000000,1.5030E-004
1428.250000,1.4970E-004
1428.500000,1.4910E-004
1428.750000,1.4890E-004
1429.000000,1.4960E-004
1429.250000,1.5020E-004
1429.500000,1.5170E-004
1429.750000,1.5460E-004
1430.000000,1.5680E-004
1430.250000,1.5990E-004
1430.500000,1.6320E-004
1430.750000,1.6580E-004
1431.000000,1.6870E-004
1431.250000,1.7090E-004
1431.500000,1.7400E-004
1431.750000,1.7980E-004
1432.000000,1.8280E-004
1432.250000,1.8770E-004
1432.500000,1.9390E-004
1432.750000,1.9930E-004
1433.000000,2.0660E-004
1433.250000,2.1410E-004
1433.500000,2.1950E-004
1433.750000,2.2380E-004
1434.000000,2.2550E-004
1434.250000,2.2970E-004
1434.500000,2.3690E-004
1434.750000,2.4370E-004
1435.000000,2.5380E-004
1435.250000,2.6250E-004
1435.500000,2.6960E-004
1435.750000,2.7420E-004
1436.000000,2.8220E-004
1436.250000,2.8930E-004
1436.500000,2.9570E-004
1436.750000,3.0350E-004
1437.000000,3.0960E-004
1437.250000,3.1470E-004
1437.500000,3.1600E-004
1437.750000,3.2230E-004
1438.000000,3.2860E-004
1438.250000,3.3550E-004
1438.500000,3.4690E-004
1438.750000,3.5370E-004
1439.000000,3.5770E-004
1439.250000,3.6160E-004
1439.500000,3.6740E-004
1439.750000,3.7420E-004
1440.000000,3.8260E-004
1440.250000,3.9260E-004
1440.500000,4.0040E-004
1440.750000,4.0730E-004
1441.000000,4.1140E-004
1441.250000,4.1640E-004
1441.500000,4.2300E-004
1441.750000,4.3000E-004
1442.000000,4.3630E-004
1442.250000,4.4790E-004
1442.500000,4.4960E-004
1442.750000,4.5550E-004
1443.000000,4.6380E-004
1443.250000,4.7010E-004
1443.500000,4.7950E-004
1443.750000,4.8530E-004
1444.000000,4.8800E-004
1444.250000,4.9380E-004
1444.500000,4.9920E-004
1444.750000,5.0620E-004
1445.000000,5.1470E-004
1445.250000,5.1250E-004
1445.500000,5.1110E-004
1445.750000,5.1770E-004
1446.000000,5.2460E-004
1446.250000,5.3930E-004
1446.500000,5.5600E-004
1446.750000,5.6290E-004
1447.000000,5.7070E-004
1447.250000,5.7870E-004
1447.500000,5.8700E-004
1447.750000,5.9520E-004
1448.000000,6.0330E-004
1448.250000,6.1010E-004
1448.500000,6.1680E-004
1448.750000,6.2220E-004
1449.000000,6.3030E-004
1449.250000,6.3750E-004
1449.500000,6.4270E-004
1449.750000,6.4780E-004
1450.000000,6.4950E-004
1450.250000,6.4370E-004
1450.500000,6.4920E-004
1450.750000,6.5320E-004
1451.000000,6.6320E-004
1451.250000,6.8110E-004
1451.500000,6.9100E-004
1451.750000,7.0020E-004
1452.000000,7.0600E-004
1452.250000,7.1420E-004
1452.500000,7.2010E-004
1452.750000,7.2800E-004
1453.000000,7.3800E-004
1453.250000,7.4520E-004
1453.500000,7.5490E-004
1453.750000,7.6330E-004
1454.000000,7.6970E-004
1454.250000,7.7520E-004
1454.500000,7.8010E-004
1454.750000,7.8630E-004
1455.000000,7.8460E-004
1455.250000,7.9010E-004
1455.500000,7.9630E-004
1455.750000,8.0140E-004
1456.000000,8.1540E-004
1456.250000,8.2130E-004
1456.500000,8.2710E-004
1456.750000,8.3240E-004
1457.000000,8.3700E-004
1457.250000,8.4360E-004
1457.500000,8.4800E-004
1457.750000,8.5600E-004
1458.000000,8.6470E-004
1458.250000,8.7090E-004
1458.500000,8.8180E-004
1458.750000,8.9050E-004
1459.000000,8.9840E-004
1459.250000,9.0660E-004
1459.500000,9.1120E-004
1459.750000,9.1590E-004
1460.000000,9.1230E-004
1460.250000,9.1610E-004
1460.500000,9.2280E-004
1460.750000,9.2650E-004
1461.000000,9.3660E-004
1461.250000,9.3920E-004
1461.500000,9.4020E-004
1461.750000,9.4260E-004
1462.000000,9.4590E-004
1462.250000,9.5140E-004
1462.500000,9.5480E-004
1462.750000,9.5700E-004
1463.000000,9.5890E-004
1463.250000,9.6560E-004
1463.500000,9.7240E-004
1463.750000,9.7970E-004
1464.000000,9.9140E-004
1464.250000,9.9610E-004
1464.500000,9.9990E-004
1464.750000,1.0000E-003
1465.000000,9.9640E-004
1465.250000,9.9630E-004
1465.500000,9.9880E-004
1465.750000,9.9900E-004
1466.000000,1.0010E-003
1466.250000,9.9940E-004
1466.500000,9.9710E-004
1466.750000,9.9630E-004
1467.000000,9.9990E-004
1467.250000,1.0030E-003
1467.500000,9.9990E-004
1467.750000,1.0040E-003
1468.000000,1.0020E-003
1468.250000,1.0000E-003
1468.500000,1.0060E-003
1468.750000,1.0100E-003
1469.000000,1.0130E-003
1469.250000,1.0040E-003
1469.500000,1.0040E-003
1469.750000,1.0050E-003
1470.000000,1.0060E-003
1470.250000,1.0090E-003
1470.500000,1.0050E-003
1470.750000,9.9540E-004
1471.000000,9.9380E-004
1471.250000,1.0010E-003
1471.500000,1.0010E-003
1471.750000,1.0030E-003
1472.000000,9.8750E-004
1472.250000,9.8100E-004
1472.500000,9.7990E-004
1472.750000,9.7600E-004
1473.000000,9.8740E-004
1473.250000,9.8640E-004
1473.500000,9.8130E-004
1473.750000,9.8300E-004
1474.000000,9.8300E-004
1474.250000,9.8570E-004
1474.500000,9.9000E-004
1474.750000,9.9170E-004
1475.000000,9.9230E-004
1475.250000,9.9130E-004
1475.500000,9.8690E-004
1475.750000,9.8200E-004
1476.000000,9.7620E-004
1476.250000,9.7190E-004
1476.500000,9.7010E-004
1476.750000,9.6210E-004
1477.000000,9.5990E-004
1477.250000,9.5600E-004
1477.500000,9.4210E-004
1477.750000,9.3880E-004
1478.000000,9.3220E-004
1478.250000,9.2930E-004
1478.500000,9.3200E-004
1478.750000,9.3100E-004
1479.000000,9.2650E-004
1479.250000,9.1950E-004
1479.500000,9.1890E-004
1479.750000,9.1730E-004
1480.000000,9.0810E-004
1480.250000,9.0390E-004
1480.500000,8.9850E-004
1480.750000,8.9730E-004
1481.000000,9.0060E-004
1481.250000,8.9490E-004
1481.500000,8.8460E-004
1481.750000,8.7400E-004
1482.000000,8.6330E-004
1482.250000,8.5820E-004
1482.500000,8.5220E-004
1482.750000,8.4470E-004
1483.000000,8.3520E-004
1483.250000,8.2670E-004
1483.500000,8.1850E-004
1483.750000,8.1160E-004
1484.000000,8.0370E-004
1484.250000,7.9720E-004
1484.500000,7.8860E-004
1484.750000,7.8330E-004
1485.000000,7.7810E-004
1485.250000,7.7310E-004
1485.500000,7.6800E-004
1485.750000,7.6060E-004
1486.000000,7.5300E-004
1486.250000,7.4320E-004
1486.500000,7.3230E-004
1486.750000,7.2570E-004
1487.000000,7.1730E-004
1487.250000,7.1030E-004
1487.500000,6.9990E-004
1487.750000,6.8950E-004
1488.000000,6.7980E-004
1488.250000,6.6970E-004
1488.500000,6.5990E-004
1488.750000,6.5050E-004
1489.000000,6.4130E-004
1489.250000,6.3160E-004
1489.500000,6.2350E-004
1489.750000,6.1480E-004
1490.000000,6.0680E-004
1490.250000,5.9840E-004
1490.500000,5.9100E-004
1490.750000,5.8390E-004
1491.000000,5.7580E-004
1491.250000,5.6870E-004
1491.500000,5.6140E-004
1491.750000,5.5170E-004
1492.000000,5.4400E-004
1492.250000,5.3550E-004
1492.500000,5.2570E-004
1492.750000,5.1700E-004
1493.000000,5.0630E-004
1493.250000,4.9720E-004
1493.500000,4.8680E-004
1493.750000,4.7630E-004
1494.000000,4.6650E-004
1494.250000,4.5570E-004
1494.500000,4.4560E-004
1494.750000,4.3600E-004
1495.000000,4.2680E-004
1495.250000,4.1960E-004
1495.500000,4.1210E-004
1495.750000,4.0480E-004
1496.000000,3.9690E-004
1496.250000,3.8850E-004
1496.500000,3.8050E-004
1496.750000,3.7400E-004
1497.000000,3.6670E-004
1497.250000,3.5930E-004
1497.500000,3.5260E-004
1497.750000,3.4370E-004
1498.000000,3.3630E-004
1498.250000,3.2810E-004
1498.500000,3.2010E-004
1498.750000,3.1210E-004
1499.000000,3.0390E-004
1499.250000,2.9620E-004
1499.500000,2.8850E-004
1499.750000,2.8120E-004
1500.000000,2.7420E-004
1500.250000,2.6710E-004
1500.500000,2.6060E-004
1500.750000,2.5420E-004
1501.000000,2.4760E-004
1501.250000,2.4160E-004
1501.500000,2.3570E-004
1501.750000,2.2990E-004
1502.000000,2.2400E-004
1502.250000,2.1870E-004
1502.500000,2.1380E-004
1502.750000,2.0820E-004
1503.000000,2.0260E-004
1503.250000,1.9660E-004
1503.500000,1.9130E-004
1503.750000,1.8580E-004
1504.000000,1.8090E-004
1504.250000,1.7530E-004
1504.500000,1.7040E-004
1504.750000,1.6470E-004
1505.000000,1.5970E-004
1505.250000,1.5500E-004
1505.500000,1.5070E-004
1505.750000,1.4590E-004
1506.000000,1.4160E-004
1506.250000,1.3730E-004
1506.500000,1.3280E-004
1506.750000,1.2880E-004
1507.000000,1.2440E-004
1507.250000,1.2030E-004
1507.500000,1.1620E-004
1507.750000,1.1250E-004
1508.000000,1.0900E-004
1508.250000,1.0570E-004
1508.500000,1.0230E-004
1508.750000,9.9340E-005
1509.000000,9.6100E-005
1509.250000,9.3120E-005
1509.500000,9.0430E-005
1509.750000,8.7730E-005
1510.000000,8.5150E-005
1510.250000,8.2700E-005
1510.500000,8.0220E-005
1510.750000,7.8230E-005
1511.000000,7.6390E-005
1511.250000,7.4670E-005
1511.500000,7.3250E-005
1511.750000,7.1820E-005
1512.000000,7.0830E-005
1512.250000,6.9820E-005
1512.500000,6.9050E-005
1512.750000,6.8380E-005
1513.000000,6.7850E-005
1513.250000,6.7460E-005
1513.500000,6.7590E-005
1513.750000,6.7900E-005
1514.000000,6.8460E-005
1514.250000,6.9250E-005
1514.500000,6.9720E-005
1514.750000,7.0330E-005
1515.000000,7.1020E-005
1515.250000,7.1340E-005
1515.500000,7.2050E-005
1515.750000,7.2660E-005
1516.000000,7.3230E-005
1516.250000,7.4040E-005
1516.500000,7.5050E-005
1516.750000,7.6070E-005
1517.000000,7.7270E-005
1517.250000,7.8270E-005
1517.500000,7.9150E-005
1517.750000,7.9810E-005
1518.000000,8.0430E-005
1518.250000,8.1490E-005
1518.500000,8.2360E-005
1518.750000,8.3480E-005
1519.000000,8.4490E-005
1519.250000,8.5600E-005
1519.500000,8.6670E-005
1519.750000,8.7930E-005
1520.000000,8.8990E-005
1520.250000,8.9880E-005
1520.500000,9.0650E-005
1520.750000,9.1250E-005
1521.000000,9.2040E-005
1521.250000,9.2600E-005
1521.500000,9.3060E-005
1521.750000,9.3570E-005
1522.000000,9.3840E-005
1522.250000,9.4440E-005
1522.500000,9.5360E-005
1522.750000,9.6220E-005
1523.000000,9.7160E-005
1523.250000,9.8070E-005
1523.500000,9.8420E-005
1523.750000,9.8790E-005
1524.000000,9.9250E-005
1524.250000,9.9360E-005
1524.500000,9.9870E-005
1524.750000,1.0040E-004
1525.000000,1.0090E-004
1525.250000,1.0170E-004
1525.500000,1.0250E-004
1525.750000,1.0340E-004
1526.000000,1.0410E-004
1526.250000,1.0420E-004
1526.500000,1.0440E-004
1526.750000,1.0450E-004
1527.000000,1.0460E-004
1527.250000,1.0500E-004
1527.500000,1.0530E-004
1527.750000,1.0610E-004
1528.000000,1.0690E-004
1528.250000,1.0760E-004
1528.500000,1.0820E-004
1528.750000,1.0890E-004
1529.000000,1.0940E-004
1529.250000,1.0940E-004
1529.500000,1.0970E-004
1529.750000,1.0960E-004
1530.000000,1.0990E-004
1530.250000,1.1040E-004
1530.500000,1.1060E-004
1530.750000,1.1100E-004
1531.000000,1.1140E-004
1531.250000,1.1180E-004
1531.500000,1.1220E-004
1531.750000,1.1280E-004
1532.000000,1.1320E-004
1532.250000,1.1370E-004
1532.500000,1.1370E-004
1532.750000,1.1380E-004
1533.000000,1.1380E-004
1533.250000,1.1390E-004
1533.500000,1.1420E-004
1533.750000,1.1440E-004
1534.000000,1.1480E-004
1534.250000,1.1510E-004
1534.500000,1.1580E-004
1534.750000,1.1590E-004
1535.000000,1.1610E-004
1535.250000,1.1590E-004
1535.500000,1.1560E-004
1535.750000,1.1550E-004
1536.000000,1.1520E-004
1536.250000,1.1520E-004
1536.500000,1.1550E-004
1536.750000,1.1560E-004
1537.000000,1.1640E-004
1537.250000,1.1720E-004
1537.500000,1.1800E-004
1537.750000,1.1870E-004
1538.000000,1.1940E-004
1538.250000,1.1960E-004
1538.500000,1.1980E-004
1538.750000,1.2000E-004
1539.000000,1.1990E-004
1539.250000,1.2030E-004
1539.500000,1.2020E-004
1539.750000,1.2030E-004
1540.000000,1.2070E-004
1540.250000,1.2090E-004
1540.500000,1.2110E-004
1540.750000,1.2150E-004
1541.000000,1.2110E-004
1541.250000,1.2040E-004
1541.500000,1.1980E-004
1541.750000,1.1880E-004
1542.000000,1.1860E-004
1542.250000,1.1870E-004
1542.500000,1.1880E-004
1542.750000,1.1970E-004
1543.000000,1.2030E-004
1543.250000,1.2120E-004
1543.500000,1.2190E-004
1543.750000,1.2270E-004
1544.000000,1.2280E-004
1544.250000,1.2320E-004
1544.500000,1.2270E-004
1544.750000,1.2250E-004
1545.000000,1.2300E-004
1545.250000,1.2290E-004
1545.500000,1.2320E-004
1545.750000,1.2350E-004
1546.000000,1.2320E-004
1546.250000,1.2310E-004
1546.500000,1.2320E-004
1546.750000,1.2230E-004
1547.000000,1.2170E-004
1547.250000,1.2130E-004
1547.500000,1.2020E-004
1547.750000,1.2020E-004
1548.000000,1.1970E-004
1548.250000,1.1930E-004
1548.500000,1.1940E-004
1548.750000,1.1940E-004
1549.000000,1.1940E-004
1549.250000,1.2010E-004
1549.500000,1.2090E-004
1549.750000,1.2150E-004
1550.000000,1.2260E-004
1550.250000,1.2240E-004
1550.500000,1.2220E-004
1550.750000,1.2220E-004
1551.000000,1.2150E-004
1551.250000,1.2130E-004
1551.500000,1.2100E-004
1551.750000,1.2050E-004
1552.000000,1.2030E-004
1552.250000,1.1990E-004
1552.500000,1.1920E-004
1552.750000,1.1940E-004
1553.000000,1.1890E-004
1553.250000,1.1820E-004
1553.500000,1.1760E-004
1553.750000,1.1670E-004
1554.000000,1.1570E-004
1554.250000,1.1550E-004
1554.500000,1.1510E-004
1554.750000,1.1450E-004
1555.000000,1.1480E-004
1555.250000,1.1480E-004
1555.500000,1.1490E-004
1555.750000,1.1550E-004
1556.000000,1.1560E-004
1556.250000,1.1550E-004
1556.500000,1.1540E-004
1556.750000,1.1470E-004
1557.000000,1.1430E-004
1557.250000,1.1390E-004
1557.500000,1.1310E-004
1557.750000,1.1270E-004
1558.000000,1.1240E-004
1558.250000,1.1170E-004
1558.500000,1.1140E-004
1558.750000,1.1100E-004
1559.000000,1.0990E-004
1559.250000,1.0920E-004
1559.500000,1.0810E-004
1559.750000,1.0690E-004
1560.000000,1.0630E-004
1560.250000,1.0560E-004
1560.500000,1.0490E-004
1560.750000,1.0500E-004
1561.000000,1.0440E-004
1561.250000,1.0400E-004
1561.500000,1.0410E-004
1561.750000,1.0380E-004
1562.000000,1.0360E-004
1562.250000,1.0350E-004
1562.500000,1.0270E-004
1562.750000,1.0200E-004
1563.000000,1.0170E-004
1563.250000,1.0060E-004
1563.500000,9.9880E-005
1563.750000,9.9050E-005
1564.000000,9.7820E-005
1564.250000,9.6930E-005
1564.500000,9.6420E-005
1564.750000,9.5660E-005
1565.000000,9.5110E-005
1565.250000,9.4880E-005
1565.500000,9.4190E-005
1565.750000,9.3480E-005
1566.000000,9.2920E-005
1566.250000,9.2000E-005
1566.500000,9.1460E-005
1566.750000,9.0870E-005
1567.000000,8.9850E-005
1567.250000,8.9200E-005
1567.500000,8.8720E-005
1567.750000,8.7970E-005
1568.000000,8.7640E-005
1568.250000,8.7330E-005
1568.500000,8.6530E-005
1568.750000,8.5830E-005
1569.000000,8.5120E-005
1569.250000,8.4190E-005
1569.500000,8.3760E-005
1569.750000,8.2840E-005
1570.000000,8.2090E-005
1570.250000,8.1440E-005
1570.500000,8.0540E-005
1570.750000,7.9700E-005
1571.000000,7.9280E-005
1571.250000,7.8940E-005
1571.500000,7.8260E-005
1571.750000,7.7540E-005
1572.000000,7.6810E-005
1572.250000,7.5980E-005
1572.500000,7.5600E-005
1572.750000,7.4720E-005
1573.000000,7.3890E-005
1573.250000,7.3260E-005
1573.500000,7.2180E-005
1573.750000,7.1320E-005
1574.000000,7.0920E-005
1574.250000,7.0490E-005
1574.500000,6.9860E-005
1574.750000,6.9730E-005
1575.000000,6.9130E-005
1575.250000,6.8570E-005
1575.500000,6.8300E-005
1575.750000,6.7840E-005
1576.000000,6.7530E-005
1576.250000,6.7690E-005
1576.500000,6.7260E-005
1576.750000,6.7060E-005
1577.000000,6.7330E-005
1577.250000,6.7460E-005
1577.500000,6.7660E-005
1577.750000,6.8290E-005
1578.000000,6.8570E-005
1578.250000,6.8920E-005
1578.500000,6.9810E-005
1578.750000,7.0490E-005
1579.000000,7.1470E-005
1579.250000,7.2740E-005
1579.500000,7.3650E-005
1579.750000,7.4780E-005
1580.000000,7.6020E-005
1580.250000,7.7350E-005
1580.500000,7.9050E-005
1580.750000,8.1050E-005
1581.000000,8.2450E-005
1581.250000,8.4050E-005
1581.500000,8.6190E-005
1581.750000,8.7880E-005
1582.000000,8.9990E-005
1582.250000,9.2350E-005
1582.500000,9.4330E-005
1582.750000,9.6060E-005
1583.000000,9.8150E-005
1583.250000,9.9850E-005
1583.500000,1.0200E-004
1583.750000,1.0450E-004
1584.000000,1.0650E-004
1584.250000,1.0800E-004
1584.500000,1.0970E-004
1584.750000,1.1090E-004
1585.000000,1.1220E-004
1585.250000,1.1410E-004
1585.500000,1.1530E-004
1585.750000,1.1680E-004
1586.000000,1.1810E-004
1586.250000,1.1870E-004
1586.500000,1.1970E-004
1586.750000,1.2110E-004
1587.000000,1.2230E-004
1587.250000,1.2320E-004
1587.500000,1.2450E-004
1587.750000,1.2530E-004
1588.000000,1.2600E-004
1588.250000,1.2770E-004
1588.500000,1.2880E-004
1588.750000,1.3020E-004
1589.000000,1.3110E-004
1589.250000,1.3150E-004
1589.500000,1.3210E-004
1589.750000,1.3290E-004
1590.000000,1.3340E-004
1590.250000,1.3360E-004
1590.500000,1.3440E-004
1590.750000,1.3420E-004
1591.000000,1.3450E-004
1591.250000,1.3530E-004
1591.500000,1.3550E-004
1591.750000,1.3570E-004
1592.000000,1.3670E-004
1592.250000,1.3650E-004
1592.500000,1.3610E-004
1592.750000,1.3660E-004
1593.000000,1.3660E-004
1593.250000,1.3730E-004
1593.500000,1.3780E-004
1593.750000,1.3820E-004
1594.000000,1.3810E-004
1594.250000,1.3860E-004
1594.500000,1.3900E-004
1594.750000,1.3900E-004
1595.000000,1.3990E-004
1595.250000,1.4020E-004
1595.500000,1.4000E-004
1595.750000,1.4010E-004
1596.000000,1.3970E-004
1596.250000,1.3940E-004
1596.500000,1.3970E-004
1596.750000,1.3970E-004
1597.000000,1.3910E-004
1597.250000,1.3880E-004
1597.500000,1.3850E-004
1597.750000,1.3770E-004
1598.000000,1.3840E-004
1598.250000,1.3900E-004
1598.500000,1.3880E-004
1598.750000,1.3930E-004
1599.000000,1.3910E-004
1599.250000,1.3880E-004
1599.500000,1.3920E-004
1599.750000,1.3960E-004
1600.000000,1.4000E-004
1600.250000,1.4050E-004
1600.500000,1.4040E-004
1600.750000,1.3960E-004
1601.000000,1.3960E-004
1601.250000,1.4000E-004
1601.500000,1.3990E-004
1601.750000,1.3960E-004
1602.000000,1.3880E-004
1602.250000,1.3780E-004
1602.500000,1.3740E-004
1602.750000,1.3680E-004
1603.000000,1.3600E-004
1603.250000,1.3570E-004
1603.500000,1.3510E-004
1603.750000,1.3390E-004
1604.000000,1.3290E-004
1604.250000,1.3280E-004
1604.500000,1.3240E-004
1604.750000,1.3260E-004
1605.000000,1.3290E-004
1605.250000,1.3220E-004
1605.500000,1.3120E-004
1605.750000,1.3090E-004
1606.000000,1.3050E-004
1606.250000,1.3020E-004
1606.500000,1.3000E-004
1606.750000,1.2920E-004
1607.000000,1.2800E-004
1607.250000,1.2740E-004
1607.500000,1.2690E-004
1607.750000,1.2620E-004
1608.000000,1.2610E-004
1608.250000,1.2510E-004
1608.500000,1.2360E-004
1608.750000,1.2240E-004
1609.000000,1.2070E-004
1609.250000,1.1950E-004
1609.500000,1.1900E-004
1609.750000,1.1840E-004
1610.000000,1.1760E-004
1610.250000,1.1650E-004
1610.500000,1.1540E-004
1610.750000,1.1420E-004
1611.000000,1.1380E-004
1611.250000,1.1360E-004
1611.500000,1.1280E-004
1611.750000,1.1220E-004
1612.000000,1.1140E-004
1612.250000,1.1020E-004
1612.500000,1.0960E-004
1612.750000,1.0900E-004
1613.000000,1.0830E-004
1613.250000,1.0750E-004
1613.500000,1.0650E-004
1613.750000,1.0490E-004
1614.000000,1.0370E-004
1614.250000,1.0320E-004
1614.500000,1.0240E-004
1614.750000,1.0160E-004
1615.000000,1.0080E-004
1615.250000,9.9760E-005
1615.500000,9.7900E-005
1615.750000,9.6920E-005
1616.000000,9.6040E-005
1616.250000,9.4950E-005
1616.500000,9.4170E-005
1616.750000,9.3150E-005
1617.000000,9.1690E-005
1617.250000,9.0820E-005
1617.500000,9.0220E-005
1617.750000,8.9570E-005
1618.000000,8.9240E-005
1618.250000,8.8610E-005
1618.500000,8.7350E-005
1618.750000,8.6140E-005
1619.000000,8.5090E-005
1619.250000,8.4570E-005
1619.500000,8.3990E-005
1619.750000,8.3220E-005
1620.000000,8.2260E-005
1620.250000,8.0900E-005
1620.500000,7.9790E-005
1620.750000,7.8740E-005
1621.000000,7.7770E-005
1621.250000,7.7360E-005
1621.500000,7.6700E-005
1621.750000,7.5740E-005
1622.000000,7.4470E-005
1622.250000,7.3360E-005
1622.500000,7.2190E-005
1622.750000,7.1640E-005
1623.000000,7.0960E-005
1623.250000,6.9780E-005
1623.500000,6.8660E-005
1623.750000,6.7650E-005
1624.000000,6.6390E-005
1624.250000,6.5670E-005
1624.500000,6.5060E-005
1624.750000,6.4510E-005
1625.000000,6.3720E-005
1625.250000,6.2530E-005
1625.500000,6.1140E-005
1625.750000,5.9980E-005
1626.000000,5.9150E-005
1626.250000,5.8550E-005
1626.500000,5.7730E-005
1626.750000,5.6900E-005
1627.000000,5.5970E-005
1627.250000,5.4710E-005
1627.500000,5.3930E-005
1627.750000,5.3220E-005
1628.000000,5.2550E-005
1628.250000,5.1830E-005
1628.500000,5.0840E-005
1628.750000,4.9740E-005
1629.000000,4.8910E-005
1629.250000,4.8130E-005
1629.500000,4.7480E-005
1629.750000,4.6830E-005
1630.000000,4.6060E-005
1630.250000,4.5050E-005
1630.500000,4.4000E-005
1630.750000,4.3060E-005
1631.000000,4.2350E-005
1631.250000,4.1740E-005
1631.500000,4.1130E-005
1631.750000,4.0290E-005
1632.000000,3.9190E-005
1632.250000,3.8420E-005
1632.500000,3.7450E-005
1632.750000,3.6890E-005
1633.000000,3.6480E-005
1633.250000,3.5750E-005
1633.500000,3.5020E-005
1633.750000,3.4150E-005
1634.000000,3.3270E-005
1634.250000,3.2660E-005
1634.500000,3.2290E-005
1634.750000,3.1800E-005
1635.000000,3.1210E-005
1635.250000,3.0510E-005
1635.500000,2.9790E-005
1635.750000,2.8950E-005
1636.000000,2.8310E-005
1636.250000,2.7860E-005
1636.500000,2.7400E-005
1636.750000,2.6790E-005
1637.000000,2.6060E-005
1637.250000,2.5290E-005
1637.500000,2.4610E-005
1637.750000,2.3990E-005
1638.000000,2.3580E-005
1638.250000,2.2950E-005
1638.500000,2.2430E-005
1638.750000,2.1850E-005
1639.000000,2.1240E-005
1639.250000,2.0660E-005
1639.500000,2.0360E-005
1639.750000,1.9990E-005
1640.000000,1.9710E-005
1640.250000,1.9200E-005
1640.500000,1.8940E-005
1640.750000,1.8410E-005
1641.000000,1.8140E-005
1641.250000,1.7860E-005
1641.500000,1.7760E-005
1641.750000,1.7660E-005
1642.000000,1.7460E-005
1642.250000,1.7230E-005
1642.500000,1.7000E-005
1642.750000,1.6920E-005
1643.000000,1.6980E-005
1643.250000,1.7120E-005
1643.500000,1.7290E-005
1643.750000,1.7290E-005
1644.000000,1.7400E-005
1644.250000,1.7510E-005
1644.500000,1.7750E-005
1644.750000,1.8050E-005
1645.000000,1.8440E-005
1645.250000,1.8920E-005
1645.500000,1.9240E-005
1645.750000,1.9620E-005
1646.000000,1.9970E-005
1646.250000,2.0420E-005
1646.500000,2.1060E-005
1646.750000,2.1850E-005
1647.000000,2.2360E-005
1647.250000,2.2870E-005
1647.500000,2.3200E-005
1647.750000,2.3520E-005
1648.000000,2.4100E-005
1648.250000,2.4670E-005
1648.500000,2.5330E-005
1648.750000,2.5890E-005
1649.000000,2.6480E-005
1649.250000,2.7020E-005
1649.500000,2.7280E-005
1649.750000,2.7680E-005
1650.000000,2.8400E-005
1650.250000,2.8940E-005
1650.500000,2.9490E-005
1650.750000,2.9870E-005
1651.000000,3.0120E-005
1651.250000,3.0550E-005
1651.500000,3.0840E-005
1651.750000,3.1620E-005
1652.000000,3.2200E-005
1652.250000,3.2700E-005
1652.500000,3.3370E-005
1652.750000,3.3470E-005
1653.000000,3.4030E-005
1653.250000,3.4620E-005
1653.500000,3.5170E-005
1653.750000,3.5730E-005
1654.000000,3.6150E-005
1654.250000,3.6420E-005
1654.500000,3.6650E-005
1654.750000,3.7060E-005
1655.000000,3.7390E-005
1655.250000,3.8030E-005
1655.500000,3.8340E-005
1655.750000,3.8820E-005
1656.000000,3.9040E-005
1656.250000,3.8970E-005
1656.500000,3.9270E-005
1656.750000,3.9670E-005
1657.000000,4.0190E-005
1657.250000,4.0600E-005
1657.500000,4.0780E-005
1657.750000,4.0940E-005
1658.000000,4.0840E-005
1658.250000,4.0880E-005
1658.500000,4.1310E-005
1658.750000,4.1850E-005
1659.000000,4.2420E-005
1659.250000,4.2810E-005
1659.500000,4.3190E-005
1659.750000,4.3300E-005
1660.000000,4.3540E-005
1660.250000,4.3760E-005
1660.500000,4.4080E-005
1660.750000,4.4720E-005
1661.000000,4.4900E-005
1661.250000,4.5010E-005
1661.500000,4.4890E-005
1661.750000,4.4880E-005
1662.000000,4.4990E-005
1662.250000,4.5170E-005
1662.500000,4.5420E-005
1662.750000,4.5730E-005
1663.000000,4.5540E-005
1663.250000,4.5320E-005
1663.500000,4.5010E-005
1663.750000,4.5060E-005
1664.000000,4.5100E-005
1664.250000,4.5230E-005
1664.500000,4.5280E-005
1664.750000,4.5190E-005
1665.000000,4.5200E-005
1665.250000,4.5110E-005
1665.500000,4.5420E-005
1665.750000,4.5630E-005
1666.000000,4.6060E-005
1666.250000,4.6230E-005
1666.500000,4.6240E-005
1666.750000,4.6200E-005
1667.000000,4.6000E-005
1667.250000,4.6040E-005
1667.500000,4.5970E-005
1667.750000,4.5900E-005
1668.000000,4.5700E-005
1668.250000,4.5510E-005
1668.500000,4.5190E-005
1668.750000,4.4760E-005
1669.000000,4.4480E-005
1669.250000,4.4420E-005
1669.500000,4.4040E-005
1669.750000,4.3950E-005
1670.000000,4.3320E-005
1670.250000,4.2600E-005
1670.500000,4.2120E-005
1670.750000,4.1740E-005
1671.000000,4.1630E-005
1671.250000,4.1550E-005
1671.500000,4.1540E-005
1671.750000,4.1510E-005
1672.000000,4.1000E-005
1672.250000,4.0440E-005
1672.500000,3.9950E-005
1672.750000,3.9790E-005
1673.000000,3.9860E-005
1673.250000,3.9980E-005
1673.500000,3.9680E-005
1673.750000,3.9040E-005
1674.000000,3.8230E-005
1674.250000,3.7490E-005
1674.500000,3.7040E-005
1674.750000,3.6810E-005
1675.000000,3.6890E-005
1675.250000,3.6570E-005
1675.500000,3.6100E-005
1675.750000,3.4980E-005
1676.000000,3.4410E-005
1676.250000,3.3690E-005
1676.500000,3.3570E-005
1676.750000,3.3680E-005
1677.000000,3.3400E-005
1677.250000,3.2950E-005
1677.500000,3.2120E-005
1677.750000,3.1250E-005
1678.000000,3.0760E-005
1678.250000,3.0450E-005
1678.500000,3.0530E-005
1678.750000,3.0330E-005
1679.000000,2.9810E-005
1679.250000,2.9090E-005
1679.500000,2.8260E-005
1679.750000,2.7770E-005
1680.000000,2.7800E-005
1680.250000,2.7490E-005
1680.500000,2.7110E-005
1680.750000,2.6640E-005
1681.000000,2.5810E-005
1681.250000,2.5100E-005
1681.500000,2.4550E-005
1681.750000,2.4400E-005
1682.000000,2.4250E-005
1682.250000,2.4010E-005
1682.500000,2.3550E-005
1682.750000,2.2840E-005
1683.000000,2.2450E-005
1683.250000,2.1870E-005
1683.500000,2.1770E-005
1683.750000,2.1600E-005
1684.000000,2.1350E-005
1684.250000,2.1040E-005
1684.500000,2.0170E-005
1684.750000,1.9460E-005
1685.000000,1.9090E-005
1685.250000,1.8940E-005
1685.500000,1.8900E-005
1685.750000,1.8610E-005
1686.000000,1.8420E-005
1686.250000,1.7750E-005
1686.500000,1.7160E-005
1686.750000,1.6890E-005
1687.000000,1.6630E-005
1687.250000,1.6490E-005
1687.500000,1.6190E-005
1687.750000,1.5990E-005
1688.000000,1.5560E-005
1688.250000,1.4830E-005
1688.500000,1.4260E-005
1688.750000,1.3940E-005
1689.000000,1.3770E-005
1689.250000,1.3890E-005
1689.500000,1.3690E-005
1689.750000,1.3160E-005
1690.000000,1.2990E-005
1690.250000,1.2180E-005
1690.500000,1.2000E-005
1690.750000,1.1900E-005
1691.000000,1.1800E-005
1691.250000,1.1770E-005
1691.500000,1.1380E-005
1691.750000,1.1000E-005
1692.000000,1.0810E-005
1692.250000,1.0540E-005
1692.500000,1.0060E-005
1692.750000,9.9200E-006
1693.000000,9.9510E-006
1693.250000,9.7020E-006
1693.500000,9.1210E-006
1693.750000,8.8390E-006
1694.000000,8.8770E-006
1694.250000,8.4470E-006
1694.500000,8.3490E-006
1694.750000,8.0200E-006
1695.000000,7.7160E-006
1695.250000,7.7120E-006
1695.500000,7.4260E-006
1695.750000,6.6820E-006
1696.000000,6.9500E-006
1696.250000,6.8320E-006
1696.500000,6.8590E-006
1696.750000,6.4720E-006
1697.000000,6.4430E-006
1697.250000,6.0780E-006
1697.500000,6.0360E-006
1697.750000,6.1800E-006
1698.000000,5.6820E-006
1698.250000,5.7040E-006
1698.500000,5.5880E-006
1698.750000,5.2860E-006
1699.000000,5.0770E-006
1699.250000,4.8170E-006
1699.500000,4.7580E-006
1699.750000,4.5590E-006
1700.000000,4.6120E-006
